¬†;Startzeit;Fertigstellungszeit;Dauer (in min);Alter des Kindes;Startort f√ºr den Schulweg;Schulweg (in km);Wohnort;lng;lat;Fahrgemeinschaften;Zufriedenheit:Wegbeschaffenheit;Zufriedenheit:Sicherheit;Zufriedenheit:Zeitdauer;Zufriedenheit:Komfortabilit√§t;Zufriedenheit:Sozialer Zusammenhalt;Zufriedenheit:Wegbeschaffenheit.1;Zufriedenheit:Sicherheit.1;Zufriedenheit:Zeitdauer.1;Zufriedenheit:Komfortabilit√§t.1;Zufriedenheit:Sozialer Zusammenhalt.1;Wenn Du mit dem Auto zur Schule f√§hrst - was sind die Gr√ºnde daf√ºr?;Wie wichtig ist Dir eine umweltvertr√§gliche Form des Schulweges?;Kannst Du Dir vorstellen, vom Auto auf eine andere Verkehrsart umzusteigen - wenn ja auf welche?;Was ich sonst noch hinzuf√ºgen m√∂chte (Anregungen und Anmerkungen);Wenn Du m√∂chtest - gib bitte Deinen Namen an, damit wir mit Dir ins Gespr√§ch kommen k√∂nnen.
3;11.09.2024 09:46;11.09.2024 09:49;3;"Klasse 7-10;Gymnasium;";Ich habe einen Wohnort;17.0;Nossen;13.314546;51.1542557;Ja;Unzufrieden;Unzufrieden;Sehr unzufrieden;Unzufrieden;Unzufrieden;;;;;;"Fehlende oder schlechte Verbindung mit Bus/ Bahn;Verf√ºgbarkeit von Alternativen;Verbindung mit dem Arbeitsweg der Eltern;M√∂glichkeit, mehrere eigene Kinder zu fahren;";4;"√ñffentliche Verkehrsmittel (Bus, Bahn, Stra√üenbahn);";;
4;11.09.2024 09:47;11.09.2024 09:49;2;"Gymnasium;";Ich habe einen Wohnort;14.0;Radebeul;13.6767995;51.0999765;Ich fahre nicht mit dem Auto zur Schule;Sehr zufrieden;Sehr zufrieden;Sehr zufrieden;Sehr zufrieden;Sehr zufrieden;;;;;;;3;;;
5;11.09.2024 09:48;11.09.2024 09:50;2;"Klasse 7-10;JG 3-4;";Ich habe einen Wohnort;2.0;Mei√üen;13.4704939;51.1630871;Ich fahre nicht mit dem Auto zur Schule;;;;;;Sehr zufrieden;Zufrieden;Sehr zufrieden;Sehr zufrieden;Sehr zufrieden;"Zeit/ Zeitersparnis;Tagesablauf;Verbindung mit dem Arbeitsweg der Eltern;";4;"Zu Fu√ü;Fahrrad;";;
6;11.09.2024 09:52;11.09.2024 09:55;3;"Klasse 7-10;Gymnasium;";Ich habe einen Wohnort;18.0;Wauden;13.2732634;51.176698;Ich fahre nicht mit dem Auto zur Schule;Unzufrieden;Unzufrieden;Zufrieden;Unzufrieden;Zufrieden;;;;;;"Fehlende oder schlechte Verbindung mit Bus/ Bahn;Fehlende oder unsichere Radwege;Tagesablauf;M√∂glichkeit, mehrere eigene Kinder zu fahren;";3;"Ich kann mir keinen Umstieg vorstellen.;";;
7;11.09.2024 10:15;11.09.2024 10:18;3;"JG 1-2;JG 5-6;Gymnasium;";Ich habe einen Wohnort;25.0;Nossen;13.314546;51.1542557;Ja;Sehr unzufrieden;Sehr unzufrieden;Sehr unzufrieden;Sehr unzufrieden;Unzufrieden;Sehr unzufrieden;Sehr unzufrieden;Sehr unzufrieden;Sehr unzufrieden;Sehr unzufrieden;"Fehlende oder schlechte Verbindung mit Bus/ Bahn;Fehlende oder unsichere Radwege;Verf√ºgbarkeit von Alternativen;Zeit/ Zeitersparnis;Tagesablauf;Verbindung mit dem Arbeitsweg der Eltern;";2;"Ich kann mir keinen Umstieg vorstellen.;";Radwege und √ñPNV muss dringend im l√§ndlichen Raum ausgebaut werden.;familie
8;11.09.2024 10:20;11.09.2024 10:22;2;"JG 5-6;Klasse 7-10;";Ich habe einen Wohnort;14.0;Lommatzsch¬†;13.3111561;51.1952586;Ja;Zufrieden;Zufrieden;Zufrieden;Zufrieden;Sehr zufrieden;;;;;;"Verbindung mit dem Arbeitsweg der Eltern;";2;"Ich kann mir keinen Umstieg vorstellen.;";;Neline Ebert
9;11.09.2024 10:24;11.09.2024 10:26;2;"JG 5-6;";Ich habe einen Wohnort;12.0;Priestewitz¬†;13.509385;51.2535414;Ich fahre nicht mit dem Auto zur Schule;Zufrieden;Zufrieden;Zufrieden;Zufrieden;Zufrieden;;;;;;;4;;;
10;11.09.2024 10:30;11.09.2024 10:32;2;"Gymnasium;";Ich habe einen Wohnort;26.0;Radebeul;13.6767995;51.0999765;Ich fahre nicht mit dem Auto zur Schule;Zufrieden;Zufrieden;Zufrieden;Zufrieden;Zufrieden;Zufrieden;Zufrieden;Zufrieden;Zufrieden;Zufrieden;;4;"√ñffentliche Verkehrsmittel (Bus, Bahn, Stra√üenbahn);Fahrrad;";;
11;11.09.2024 10:47;11.09.2024 10:50;3;"JG 3-4;Klasse 7-10;";Ich habe einen Wohnort;2.0;Mei√üen¬†;13.4704939;51.1630871;Ich fahre nicht mit dem Auto zur Schule;;;;;;Zufrieden;Zufrieden;Zufrieden;Zufrieden;Zufrieden;;2;;;
12;11.09.2024 10:50;11.09.2024 10:52;2;"Klasse 7-10;";Ich habe einen Wohnort;8.0;Robsch√ºtz;13.4232287;51.1235937;Nein;Zufrieden;Zufrieden;Zufrieden;Zufrieden;Zufrieden;;;;;;"Verbindung mit dem Arbeitsweg der Eltern;Fehlende oder unsichere Radwege;";3;"Ich kann mir keinen Umstieg vorstellen.;";;
13;11.09.2024 10:56;11.09.2024 10:58;2;"Klasse 7-10;";Ich habe einen Wohnort;10.0;Klipphausen¬†;13.5293546;51.0749571;Ich fahre nicht mit dem Auto zur Schule;Unzufrieden;Unzufrieden;Unzufrieden;Sehr unzufrieden;Sehr unzufrieden;Sehr unzufrieden;Sehr unzufrieden;Unzufrieden;Sehr unzufrieden;Sehr unzufrieden;"Verf√ºgbarkeit von Alternativen;Fehlende oder schlechte Verbindung mit Bus/ Bahn;Fehlende oder unsichere Radwege;";3;"Ich kann mir keinen Umstieg vorstellen.;";;
14;11.09.2024 11:19;11.09.2024 11:22;3;"Klasse 7-10;Gymnasium;";Ich habe einen Wohnort;1.0;Mei√üen¬†;13.4704939;51.1630871;Ich fahre nicht mit dem Auto zur Schule;;;;;;Sehr zufrieden;Zufrieden;Zufrieden;Zufrieden;Zufrieden;;4;;;Susanne Jacob-Lehmann¬†
15;11.09.2024 11:25;11.09.2024 11:31;6.0;"Gymnasium;";Ich habe einen Wohnort;21.0;Nossen;13.314546;51.1542557;Ich fahre nicht mit dem Auto zur Schule;Zufrieden;Zufrieden;Unzufrieden;Sehr unzufrieden;Zufrieden;;;;;;"Fehlende oder schlechte Verbindung mit Bus/ Bahn;Zeit/ Zeitersparnis;Bequemlichkeit;";1 (unwichtig) ;"√ñffentliche Verkehrsmittel (Bus, Bahn, Stra√üenbahn);";Durch die ver√§nderte Unterrichtszeit ist die Wartezeit auf den n√§chsten Bus teilweise sehr lang (>1h).¬†;
16;11.09.2024 11:51;11.09.2024 11:54;3;"Klasse 7-10;";zwei Wohnorte;12.0;Pinkowitz¬†;13.5476143;51.105054;Ja;Zufrieden;Zufrieden;Unzufrieden;Unzufrieden;Zufrieden;Zufrieden;Unzufrieden;Zufrieden;Unzufrieden;Zufrieden;"Zeit/ Zeitersparnis;M√∂glichkeit, mehrere eigene Kinder zu fahren;Bequemlichkeit;";2;"Fahrrad;√ñffentliche Verkehrsmittel (Bus, Bahn, Stra√üenbahn);";;
17;11.09.2024 11:56;11.09.2024 12:05;9.0;"JG 5-6;Klasse 7-10;";Ich habe einen Wohnort;1.0;Mei√üen;13.4704939;51.1630871;Ich fahre nicht mit dem Auto zur Schule;;;;;;Sehr unzufrieden;Sehr unzufrieden;Sehr zufrieden;Zufrieden;Sehr zufrieden;;4;"Fahrrad;Zu Fu√ü;";;Anne Griesel
18;11.09.2024 12:12;11.09.2024 12:14;2;"Gymnasium;";Ich habe einen Wohnort;8.0;Weinb√∂hla¬†;13.5643531;51.1618943;Ich fahre nicht mit dem Auto zur Schule;Zufrieden;Zufrieden;Zufrieden;Zufrieden;Zufrieden;;;;;;;3;"Ich kann mir keinen Umstieg vorstellen.;";Wir fahren elektrisch und 70% kommt vom eigenen Dach;Stephan Bissinger¬†
19;11.09.2024 12:17;11.09.2024 12:19;2;"JG 5-6;";Ich habe einen Wohnort;8.0;Zehren;13.4044411;51.1990779;Ich fahre nicht mit dem Auto zur Schule;Sehr zufrieden;Zufrieden;Zufrieden;Zufrieden;Zufrieden;;;;;;;3;;;
20;11.09.2024 12:20;11.09.2024 12:22;2;"Klasse 7-10;";Ich habe einen Wohnort;10.0;Weinb√∂hla;13.5643531;51.1618943;Ich fahre nicht mit dem Auto zur Schule;Zufrieden;Zufrieden;Zufrieden;Zufrieden;Zufrieden;;;;;;"Verbindung mit dem Arbeitsweg der Eltern;M√∂glichkeit, Fahrgemeinschaften zu bilden;";2;;;
21;11.09.2024 12:40;11.09.2024 12:42;2;"JG 5-6;";Ich habe einen Wohnort;1.0;Mei√üen;13.4704939;51.1630871;Ich fahre nicht mit dem Auto zur Schule;;;;;;Zufrieden;Zufrieden;Sehr zufrieden;Zufrieden;Zufrieden;;4;;;
22;11.09.2024 13:25;11.09.2024 13:31;6.0;"JG 5-6;Klasse 7-10;";Ich habe einen Wohnort;3.0;Mei√üen;13.4704939;51.1630871;Nein;Zufrieden;Zufrieden;Sehr zufrieden;Zufrieden;Zufrieden;Zufrieden;Zufrieden;Zufrieden;Zufrieden;Zufrieden;"Zeit/ Zeitersparnis;Tagesablauf;Verbindung mit dem Arbeitsweg der Eltern;M√∂glichkeit, mehrere eigene Kinder zu fahren;";3;"Fahrrad;√ñffentliche Verkehrsmittel (Bus, Bahn, Stra√üenbahn);";"Bei den √úberlegungen zu einem umweltfreundlichen Schulweg sollte der Begriff ""umweltfreundlich"" etwas n√§her definiert werden, um besser zu differenzieren. Auch ist dabei die Unterrichtsgestaltung ein beeinflussendes Element - Ausf√§lle, Schulfreie Tage, Nachmittagsbesch√§ftigungen, ...";Ulf Quaas
23;11.09.2024 14:13;11.09.2024 14:17;4;"JG 5-6;Gymnasium;";Ich habe einen Wohnort;10.0;Ullendorf;13.4846077;51.1071984;Ich fahre nicht mit dem Auto zur Schule;Unzufrieden;Zufrieden;Sehr unzufrieden;Zufrieden;Unzufrieden;;;;;;"Fehlende oder schlechte Verbindung mit Bus/ Bahn;Fehlende oder unsichere Radwege;Verf√ºgbarkeit von Alternativen;Verbindung mit dem Arbeitsweg der Eltern;";3;;Das schlecht bis gar nicht ausgebaute Fahrradwegenetz und die teils ungen√ºgenden √ñPNV-Verbindungen sind die gr√∂√üten Hemmnisse auf das Auto zu verzichten.;
24;11.09.2024 16:06;11.09.2024 16:07;1;"Klasse 7-10;";Ich habe einen Wohnort;3.0;Mei√üen¬†;13.4704939;51.1630871;Nein;;;;;;Unzufrieden;Unzufrieden;Zufrieden;Zufrieden;Zufrieden;;3;"Fahrrad;Zu Fu√ü;";;
25;11.09.2024 16:08;11.09.2024 16:09;1;"JG 3-4;";Ich habe einen Wohnort;3.0;Mei√üen¬†;13.4704939;51.1630871;Ich fahre nicht mit dem Auto zur Schule;;;;;;Unzufrieden;Unzufrieden;Zufrieden;Zufrieden;Zufrieden;;3;"Fahrrad;Zu Fu√ü;";Ein Radweg auf der Zscheilaer Stra√üe ist essentiell. Vom Br√ºckenkopf zur Schule¬†;
26;11.09.2024 16:57;11.09.2024 16:58;1;"Klasse 7-10;";Ich habe einen Wohnort;0.3;Mei√üen;13.4704939;51.1630871;Ich fahre nicht mit dem Auto zur Schule;;;;;;Sehr zufrieden;Sehr zufrieden;Sehr zufrieden;Sehr zufrieden;Sehr zufrieden;;1 (unwichtig) ;"Ich kann mir keinen Umstieg vorstellen.;";;
27;11.09.2024 17:30;11.09.2024 17:33;3;"Gymnasium;";Ich habe einen Wohnort;19.0;Radebeul;13.6767995;51.0999765;Ja;Zufrieden;Zufrieden;Sehr unzufrieden;Unzufrieden;Unzufrieden;;;;;;"Fehlende oder schlechte Verbindung mit Bus/ Bahn;Zeit/ Zeitersparnis;Tagesablauf;Bequemlichkeit;";3;"√ñffentliche Verkehrsmittel (Bus, Bahn, Stra√üenbahn);Ich bilde eine Fahrgemeinschaft mit anderen;";;
28;11.09.2024 18:38;11.09.2024 18:40;2;"JG 3-4;JG 5-6;Klasse 7-10;";Ich habe einen Wohnort;1.0;Mei√üen¬†;13.4704939;51.1630871;Ich fahre nicht mit dem Auto zur Schule;;;;;;Zufrieden;Unzufrieden;Sehr zufrieden;Zufrieden;Zufrieden;;4;;;
29;11.09.2024 19:04;11.09.2024 19:08;4;"JG 5-6;";Ich habe einen Wohnort;2.0;Mei√üen;13.4704939;51.1630871;Ich fahre nicht mit dem Auto zur Schule;;;;;;Sehr zufrieden;Sehr zufrieden;Sehr zufrieden;Sehr zufrieden;Sehr zufrieden;;3;;Die Baustelle auf dem Weg zur Schule unten an der Schule nervt mich.;Victoria Wei√üe
30;11.09.2024 20:01;11.09.2024 20:11;10.0;"Klasse 7-10;";Ich habe einen Wohnort;9.0;K√§bsch√ºtztal, Stroischen;13.3886122;51.1514124;Ich fahre nicht mit dem Auto zur Schule;Zufrieden;Zufrieden;Unzufrieden;Zufrieden;Zufrieden;Unzufrieden;Unzufrieden;Zufrieden;Zufrieden;Unzufrieden;"Fehlende oder schlechte Verbindung mit Bus/ Bahn;";3;"Fahrrad;Ich kann mir keinen Umstieg vorstellen.;";;
31;11.09.2024 20:12;11.09.2024 20:14;2;"Gymnasium;";Ich habe einen Wohnort;15.0;COSWIG¬†;13.5783983;51.1267305;Ich fahre nicht mit dem Auto zur Schule;Zufrieden;Zufrieden;Zufrieden;Zufrieden;Zufrieden;;;;;;;2;;;
32;11.09.2024 20:43;11.09.2024 20:47;4;"JG 3-4;";Ich habe einen Wohnort;6.0;Diera-Zehren;13.423308136840287;51.21000095;Nein;Zufrieden;Unzufrieden;Zufrieden;Sehr zufrieden;Zufrieden;;;;;;"Zeit/ Zeitersparnis;Tagesablauf;Verbindung mit dem Arbeitsweg der Eltern;";3;"Ich kann mir keinen Umstieg vorstellen.;";;
33;11.09.2024 20:50;11.09.2024 21:02;12.0;"JG 5-6;Klasse 7-10;";Ich habe einen Wohnort;12.0;Gro√üdobritz;13.5683602;51.2163401;Ja;Sehr unzufrieden;Sehr unzufrieden;Sehr unzufrieden;Unzufrieden;Zufrieden;;;;;;"Fehlende oder schlechte Verbindung mit Bus/ Bahn;Fehlende oder unsichere Radwege;Zeit/ Zeitersparnis;Verbindung mit dem Arbeitsweg der Eltern;M√∂glichkeit, mehrere eigene Kinder zu fahren;M√∂glichkeit, Fahrgemeinschaften zu bilden;";4;"Fahrrad;√ñffentliche Verkehrsmittel (Bus, Bahn, Stra√üenbahn);";;Elisabeth J√ºschke
34;11.09.2024 21:37;11.09.2024 21:39;2;"JG 1-2;Klasse 7-10;";Ich habe einen Wohnort;0.8;Mei√üen;13.4704939;51.1630871;Ich fahre nicht mit dem Auto zur Schule;;;;;;Sehr zufrieden;Zufrieden;Sehr zufrieden;Sehr zufrieden;Zufrieden;;3;;;Hutterer
35;11.09.2024 22:38;11.09.2024 22:40;2;"Klasse 7-10;JG 3-4;";Ich habe einen Wohnort;3.0;Mei√üen;13.4704939;51.1630871;Nein;Zufrieden;Zufrieden;Sehr zufrieden;Zufrieden;Zufrieden;Zufrieden;Zufrieden;Zufrieden;Zufrieden;Zufrieden;"Verbindung mit dem Arbeitsweg der Eltern;M√∂glichkeit, mehrere eigene Kinder zu fahren;";3;"√ñffentliche Verkehrsmittel (Bus, Bahn, Stra√üenbahn);";;
36;12.09.2024 06:31;12.09.2024 06:34;3;"Gymnasium;";Ich habe einen Wohnort;3.0;Mei√üen¬†;13.4704939;51.1630871;Ich fahre nicht mit dem Auto zur Schule;Zufrieden;Zufrieden;Zufrieden;Zufrieden;Zufrieden;Zufrieden;Unzufrieden;Zufrieden;Zufrieden;Zufrieden;;3;;;
37;12.09.2024 06:53;12.09.2024 06:57;4;"JG 5-6;";Ich habe einen Wohnort;16.0;Klipphausen¬†;13.5293546;51.0749571;Ich fahre nicht mit dem Auto zur Schule;Zufrieden;Unzufrieden;Zufrieden;Unzufrieden;Zufrieden;;;;;;"Zeit/ Zeitersparnis;M√∂glichkeit, mehrere eigene Kinder zu fahren;Bequemlichkeit;";3;"√ñffentliche Verkehrsmittel (Bus, Bahn, Stra√üenbahn);Ich bilde eine Fahrgemeinschaft mit anderen;";;
38;12.09.2024 07:12;12.09.2024 07:18;6.0;"JG 1-2;JG 5-6;Klasse 7-10;";Ich habe einen Wohnort;10.0;Gauernitz;13.5558206;51.1139914;Nein;Zufrieden;Zufrieden;Unzufrieden;Unzufrieden;;Zufrieden;Zufrieden;Zufrieden;Zufrieden;;"Fehlende oder schlechte Verbindung mit Bus/ Bahn;Verf√ºgbarkeit von Alternativen;";3;"√ñffentliche Verkehrsmittel (Bus, Bahn, Stra√üenbahn);Fahrrad;";"Unter ""sozialer Zusammenhalt"" konnte ich mir leider nichts vorstellen und habe die Felder daher freigelassen.";Matthias Vorhauer
39;12.09.2024 07:37;12.09.2024 07:42;5;"JG 5-6;Klasse 7-10;Gymnasium;";Ich habe einen Wohnort;11.0;Constappel;13.564806;51.1055778;Ja;Zufrieden;Zufrieden;Zufrieden;Zufrieden;Zufrieden;;;;;;"Verbindung mit dem Arbeitsweg der Eltern;";4;"Fahrrad;";1-2 Tage pro Woche fahren die Kinder mit im Auto auf dem Arbeitsweg. 3-4 Tage mit Bus. Wir denken √ºber Kauf eines E-Bikes nach. Dann w√ºrden es noch mehr Bustage werden.;Aaron F√ºrmetz¬†
40;12.09.2024 10:11;12.09.2024 10:15;4;"JG 3-4;JG 5-6;Klasse 7-10;";Ich habe einen Wohnort;2.0;Mei√üen;13.4704939;51.1630871;Nein;Zufrieden;Zufrieden;Zufrieden;Zufrieden;Zufrieden;Unzufrieden;Unzufrieden;Sehr zufrieden;Zufrieden;Zufrieden;"Tagesablauf;Verbindung mit dem Arbeitsweg der Eltern;Bequemlichkeit;";1 (unwichtig) ;"Fahrrad;Zu Fu√ü;√ñffentliche Verkehrsmittel (Bus, Bahn, Stra√üenbahn);";;
41;12.09.2024 10:30;12.09.2024 10:33;3;"Gymnasium;";Ich habe einen Wohnort;25.0;Tanneberg;13.4119264;51.0509902;Ich fahre nicht mit dem Auto zur Schule;Sehr zufrieden;Sehr zufrieden;Zufrieden;Sehr zufrieden;Sehr zufrieden;;;;;;;3;;;
42;12.09.2024 12:20;12.09.2024 12:24;4;"JG 5-6;";Ich habe einen Wohnort;17.0;Schwochau;13.2923026;51.182993;Ich fahre nicht mit dem Auto zur Schule;Zufrieden;Zufrieden;Zufrieden;Zufrieden;Zufrieden;;;;;;;3;;;
43;12.09.2024 15:08;12.09.2024 15:13;5;"JG 3-4;JG 5-6;Klasse 7-10;";Ich habe einen Wohnort;15.0;Cossebaude;13.6298379;51.0876124;Ich fahre nicht mit dem Auto zur Schule;Unzufrieden;;Sehr unzufrieden;Zufrieden;Sehr zufrieden;Zufrieden;Zufrieden;Sehr unzufrieden;Zufrieden;Sehr unzufrieden;;4;;;
44;12.09.2024 20:02;12.09.2024 20:14;12.0;"JG 1-2;JG 5-6;Gymnasium;";Ich habe einen Wohnort;15.0;Coswig¬†;13.5783983;51.1267305;Ich fahre nicht mit dem Auto zur Schule;Zufrieden;Unzufrieden;Zufrieden;Zufrieden;Unzufrieden;Zufrieden;Sehr unzufrieden;Zufrieden;Zufrieden;Sehr unzufrieden;;4;;"Ein gro√ües Problem ist, das der Fu√üweg im Bereich der Schule in den Komm- und Abholzeiten zugeparkt ist. Zus√§tzlich besteht Parkverbot!
Das ist nicht nur ein Versto√ü gegen die STVO, sondern hochgradig gef√§hrlich und egoistisch. Wenn ich Eltern daraufhin anspreche, dass Kinder nicht √ºber ihr Auto dr√ºber schauen k√∂nnen, das sie nicht vorbei kommen usw. wird das zwar kommentiert: ""Ja, ich wei√ü, die Parksituation ist halt schwierig usw."" Aber sie bleiben stehen und gehen schnell weg. 
Ich bin da echt sauer. Alle Eltern wollen einen sicheren Weg f√ºr ihr Kind. Wir laufen auch vom Bahnhof zur Schule und m√ºssen daf√ºr Zeit einplanen. Offensichtlich besteht dieses Problem schon lange. Warum wird es ignoriert?
Eine Anregung f√ºr das Jahresmotto w√§re es auch...
Wer sich klimafreundlich zur Schule bewegt, muss auf dem Fu√üweg sicher laufen k√∂nnen!!!
W√§re ein Zebrastreifen ab der Schule eine zus√§tzliche M√∂glichkeit?";
45;13.09.2024 07:24;13.09.2024 07:29;5;"JG 5-6;Klasse 7-10;";Ich habe einen Wohnort;15.0;Taubenheim (Klipphausen);13.4619324;51.0948532;Nein;Zufrieden;Unzufrieden;Zufrieden;Zufrieden;Zufrieden;;;;;;"Fehlende oder schlechte Verbindung mit Bus/ Bahn;Tagesablauf;";3;"√ñffentliche Verkehrsmittel (Bus, Bahn, Stra√üenbahn);Ich bilde eine Fahrgemeinschaft mit anderen;";Problem beim √ñPNV ist die Taktung. Der Bus f√§hrt zu selten.¬†;
46;13.09.2024 09:56;13.09.2024 10:12;16.0;"JG 5-6;Klasse 7-10;";Ich habe einen Wohnort;9.0;Naustadt;13.5100684;51.1130802;Nein;Sehr zufrieden;Zufrieden;Sehr zufrieden;Sehr zufrieden;Sehr zufrieden;;;;;;;3;"Ich kann mir keinen Umstieg vorstellen.;";"Die Kinder steigen fr√ºh an der Bahnhofstra√üe aus. Dort finde ich die Stra√üen√ºberquerung nicht wirklich sicher, da die Stra√üe sehr breit ist und viel Verkehr herrscht. Vor allem in der dunklen Jahreszeit und bei Regen hat man dort bei einer Stra√üen√ºberquerung ein mulmiges Gef√ºhl.
Mit einer Insel in der Mitte der Stra√üe vielleicht sogar noch im Zusammenhang mit einem Zebrastreifen w√§re dort viel getan.
Ich wundere mich sehr, dass die Stadt dort nicht schon lange etwas ge√§ndert hat. Schon zu meiner Schulzeit vor 20 Jahren, war diese Stelle meines Erachtens ein Problem. Man k√∂nnte nat√ºrlich bis zum Busbahnhof fahren, aber die meisten Sch√ºler (auch des Franziskaneums) steigen an der Bahnhofstra√üe aus, da der Weg einfach k√ºrzer ist.
Den meisten Schutz f√ºr den Einzelnen bildet dann einfach die Menge der Sch√ºler, die dort √ºber die Stra√üe str√∂men..";Henriette Preu√ü
47;13.09.2024 12:16;13.09.2024 12:19;3;"Gymnasium;";zwei Wohnorte;22.0;Radebeul;13.6767995;51.0999765;Ich fahre nicht mit dem Auto zur Schule;Zufrieden;Zufrieden;Zufrieden;Zufrieden;Zufrieden;;;;;;;3;"Ich kann mir keinen Umstieg vorstellen.;";;
48;13.09.2024 18:05;13.09.2024 18:11;6.0;"JG 1-2;Klasse 7-10;";Ich habe einen Wohnort;1.0;Mei√üen;13.4704939;51.1630871;Ich fahre nicht mit dem Auto zur Schule;;;;;;Zufrieden;Unzufrieden;Sehr zufrieden;Unzufrieden;Zufrieden;;3;;Separate Radwege, viel mehr Fuss√ºbergangstreifen, Tempo-Reduzierung in Innenst√§dten¬†;Mirko
49;13.09.2024 20:40;13.09.2024 20:46;6.0;"Gymnasium;";Ich habe einen Wohnort;18.0;Hkggvkll;;;Nein;;;;;;;;;;;"Zeit/ Zeitersparnis;Tagesablauf;Bequemlichkeit;";1 (unwichtig) ;"Ich kann mir keinen Umstieg vorstellen.;";Bei dem Stundenplanausfall und den Umplanungen ist man ohne Auto ‚Äûauf verlorenem Posten‚Äú, von Sch√ºlern wird ja verlangt mit dem Auto zum Schwimmen oder nach Rossendorf zu fahren. ü§∑üèº‚Äç‚ôÄÔ∏è¬†;
50;14.09.2024 15:28;14.09.2024 15:32;4;"JG 3-4;Klasse 7-10;";Ich habe einen Wohnort;11.0;Gro√üdobritz;13.5683602;51.2163401;Nein;Unzufrieden;Unzufrieden;Sehr unzufrieden;Zufrieden;Zufrieden;Unzufrieden;Sehr unzufrieden;Unzufrieden;Sehr unzufrieden;Zufrieden;"Fehlende oder unsichere Radwege;Verf√ºgbarkeit von Alternativen;Zeit/ Zeitersparnis;Fehlende oder schlechte Verbindung mit Bus/ Bahn;Tagesablauf;Verbindung mit dem Arbeitsweg der Eltern;M√∂glichkeit, Fahrgemeinschaften zu bilden;Bequemlichkeit;";2;"Ich bilde eine Fahrgemeinschaft mit anderen;Ich kann mir keinen Umstieg vorstellen.;√ñffentliche Verkehrsmittel (Bus, Bahn, Stra√üenbahn);";;
51;14.09.2024 17:40;14.09.2024 17:41;1;"Gymnasium;";Ich habe einen Wohnort;8.0;Triebischtal;13.4591312;51.1486356;Ich fahre nicht mit dem Auto zur Schule;Zufrieden;Zufrieden;Zufrieden;Zufrieden;Zufrieden;;;;;;;4;"Fahrrad;Ich bilde eine Fahrgemeinschaft mit anderen;";;
52;15.09.2024 11:22;15.09.2024 11:26;4;"JG 5-6;";zwei Wohnorte;8.0;Weinb√∂hla;13.5643531;51.1618943;Nein;Zufrieden;Unzufrieden;Zufrieden;Zufrieden;Unzufrieden;;;;;;"Verbindung mit dem Arbeitsweg der Eltern;";2;"√ñffentliche Verkehrsmittel (Bus, Bahn, Stra√üenbahn);";Nur einfache Fahrt mit dem Auto, R√ºckweg mit √ñPNV;Philipp
53;16.09.2024 05:15;16.09.2024 05:21;6.0;"JG 3-4;Klasse 7-10;";Ich habe einen Wohnort;13.0;Steinbach (Moritzburg);13.6251896;51.2011467;Nein;;;;;;;;;;;"Fehlende oder schlechte Verbindung mit Bus/ Bahn;Fehlende oder unsichere Radwege;Zeit/ Zeitersparnis;Verbindung mit dem Arbeitsweg der Eltern;M√∂glichkeit, mehrere eigene Kinder zu fahren;";3;"Fahrrad;√ñffentliche Verkehrsmittel (Bus, Bahn, Stra√üenbahn);";;
54;16.09.2024 12:20;16.09.2024 12:22;2;"Klasse 7-10;";Ich habe einen Wohnort;2.1;Mei√üen¬†;13.4704939;51.1630871;Nein;Zufrieden;Unzufrieden;Zufrieden;Zufrieden;Zufrieden;;;;;;"Zeit/ Zeitersparnis;Verbindung mit dem Arbeitsweg der Eltern;";3;"Ich kann mir keinen Umstieg vorstellen.;";;
55;17.09.2024 13:22;17.09.2024 13:25;3;"Gymnasium;";Ich habe einen Wohnort;20.0;Chursch√ºtz;13.2449275;51.1741302;Nein;;;;;;;;;;;"Zeit/ Zeitersparnis;Bequemlichkeit;";2;"Ich kann mir keinen Umstieg vorstellen.;";;
56;17.09.2024 23:25;17.09.2024 23:27;2;"JG 1-2;JG 3-4;JG 5-6;";Ich habe einen Wohnort;20.0;Moritzburg¬†;13.6819406;51.1592018;Nein;Zufrieden;Zufrieden;Sehr unzufrieden;Sehr unzufrieden;Sehr zufrieden;Unzufrieden;Unzufrieden;Sehr unzufrieden;Unzufrieden;Sehr zufrieden;"Fehlende oder schlechte Verbindung mit Bus/ Bahn;Zeit/ Zeitersparnis;Verbindung mit dem Arbeitsweg der Eltern;M√∂glichkeit, mehrere eigene Kinder zu fahren;M√∂glichkeit, Fahrgemeinschaften zu bilden;";4;"√ñffentliche Verkehrsmittel (Bus, Bahn, Stra√üenbahn);Fahrrad;";;
57;18.09.2024 11:05;18.09.2024 11:08;3;"JG 3-4;";Ich habe einen Wohnort;4.0;Mei√üen¬†;13.4704939;51.1630871;Nein;;;;;;;;;;;"Fehlende oder unsichere Radwege;";3;"Zu Fu√ü;";;
58;18.09.2024 11:10;18.09.2024 11:13;3;"JG 1-2;";Ich habe einen Wohnort;0.28;Mei√üen¬†;13.4704939;51.1630871;Ich fahre nicht mit dem Auto zur Schule;;;;;;Zufrieden;Unzufrieden;Sehr zufrieden;Sehr zufrieden;Zufrieden;"Verbindung mit dem Arbeitsweg der Eltern;";3;"Zu Fu√ü;√ñffentliche Verkehrsmittel (Bus, Bahn, Stra√üenbahn);Ich bilde eine Fahrgemeinschaft mit anderen;";;Julia und G√∂tz mit Leonore SG4
59;18.09.2024 11:13;18.09.2024 11:21;8.0;"JG 3-4;";Ich habe einen Wohnort;9.0;Pegenau (Klipphausen);13.5310326;51.1164074;Ich fahre nicht mit dem Auto zur Schule;Zufrieden;Zufrieden;Sehr zufrieden;Sehr zufrieden;Sehr zufrieden;;;;;;;3;"Ich bilde eine Fahrgemeinschaft mit anderen;√ñffentliche Verkehrsmittel (Bus, Bahn, Stra√üenbahn);";Buspaten f√ºr die Grundschule, damit das Busfahren keine Angst macht;Julia Troch
60;18.09.2024 11:21;18.09.2024 11:23;2;"JG 1-2;";Ich habe einen Wohnort;9.0;Pegenau (Klipphausen);13.5310326;51.1164074;Ja;Zufrieden;Zufrieden;Sehr zufrieden;Sehr zufrieden;Sehr zufrieden;;;;;;;3;"√ñffentliche Verkehrsmittel (Bus, Bahn, Stra√üenbahn);Ich bilde eine Fahrgemeinschaft mit anderen;";;Julia Troch
61;18.09.2024 11:27;18.09.2024 11:29;2;"JG 1-2;JG 3-4;JG 5-6;";Ich habe einen Wohnort;20.0;Moritzburg;13.6819406;51.1592018;Ja;Zufrieden;Unzufrieden;Sehr unzufrieden;Sehr unzufrieden;Sehr zufrieden;Unzufrieden;Sehr unzufrieden;Sehr unzufrieden;Sehr unzufrieden;Sehr zufrieden;"Fehlende oder schlechte Verbindung mit Bus/ Bahn;M√∂glichkeit, mehrere eigene Kinder zu fahren;Fehlende oder unsichere Radwege;";4;"Fahrrad;√ñffentliche Verkehrsmittel (Bus, Bahn, Stra√üenbahn);";;
62;18.09.2024 11:20;18.09.2024 11:32;12.0;"JG 3-4;";Ich habe einen Wohnort;12.0;Gauernitz;13.5558206;51.1139914;Ja;Sehr zufrieden;Unzufrieden;Zufrieden;Sehr zufrieden;Sehr zufrieden;Sehr zufrieden;Unzufrieden;Unzufrieden;Zufrieden;Zufrieden;"Tagesablauf;Fehlende oder schlechte Verbindung mit Bus/ Bahn;";4;"Fahrrad;√ñffentliche Verkehrsmittel (Bus, Bahn, Stra√üenbahn);";"Unsere Kinder (1. und 4. Klasse) fahren meist mit dem Bus, Autofahren findet besonders dann statt wenn sie nicht gemeinsam fahren k√∂nnen, unser 1.-Kl√§ssler soll noch nicht alleine Bus fahren. Beim ""Bus-fahren-√ºben"" zu Beginn des Schuljahres ist mir aufgefallen dass die Einm√ºndung der Hafenstra√üe in die Zscheilaer Stra√üe wenn man zu Fu√ü die Zscheilaer Stra√üe geht ein unangenehmer Gefahrenpunkt ist, wenn man von oben kommt weil die Autos durch die Mauer Fu√üg√§nger erst sehr sp√§t sehen und beidseitig weil einem Gro√üteil der Autofahrer die aus der Uferstra√üe kommen nicht bewusst ist dass die Fu√üg√§nger Vorfahrt haben. Geht man als Erwachsener dort selbstbewusst √ºber die Stra√üe halten die Autos nat√ºrlich an aber wenn man sich etwas vorsichtiger bewegt fahren sie alle einfach durch, letztens 5 Autos in Folge (einschlie√ülich Lehrpersonal der Schule) bevor wir von einem Auto durchgelassen wurden. Eventuell k√∂nnte dort ein Warnschild oder ein Zebrastreifen den Autofahrern verdeutlichen was sie gem√§√ü StVO dort zwar sowieso beachten m√ºssten aber anscheinend nicht wissen.¬†";Martin Koch, Papa von Emilia und Fernando SG 4
63;18.09.2024 11:31;18.09.2024 11:32;1;"JG 1-2;";Ich habe einen Wohnort;12.0;Gauernitz;13.5558206;51.1139914;Ja;Sehr zufrieden;Unzufrieden;Zufrieden;Sehr zufrieden;Sehr zufrieden;Sehr zufrieden;Unzufrieden;Unzufrieden;Zufrieden;Zufrieden;"Fehlende oder schlechte Verbindung mit Bus/ Bahn;Tagesablauf;";4;"Fahrrad;√ñffentliche Verkehrsmittel (Bus, Bahn, Stra√üenbahn);";;
64;18.09.2024 12:39;18.09.2024 12:53;14.0;"JG 3-4;";Ich habe einen Wohnort;10.0;Nimtitz;13.3785982;51.1640019;Ich fahre nicht mit dem Auto zur Schule;Sehr zufrieden;Zufrieden;Zufrieden;Zufrieden;Unzufrieden;Sehr unzufrieden;Sehr unzufrieden;Unzufrieden;Unzufrieden;Sehr unzufrieden;"Fehlende oder schlechte Verbindung mit Bus/ Bahn;Tagesablauf;Verbindung mit dem Arbeitsweg der Eltern;M√∂glichkeit, Fahrgemeinschaften zu bilden;";3;;"Die von vielen Sch√ºlern genutzte Haltestelle ""Bahnhofstra√üe"" sollte einen Fu√üg√§nger√ºberweg (beleuchteten Zebrastreifen) bekommen. Auch die Stadt Mei√üen sollte sich klima- und fu√üg√§ngerfreundlich weiterentwickeln.";
65;18.09.2024 12:47;18.09.2024 13:00;13.0;"JG 5-6;JG 1-2;JG 3-4;";Ich habe einen Wohnort;3.4;Mei√üen¬†;13.4704939;51.1630871;Nein;Zufrieden;Zufrieden;Zufrieden;Zufrieden;Zufrieden;Unzufrieden;Unzufrieden;Zufrieden;;;"Tagesablauf;";4;;"Parksituation morgens vor der Schule - wenn es keinen freien Parkplatz vor der Schule gibt, wird von machen Eltern die ganze Kreuzung davor zugestellt, anstatt die Kinder ein paar Meter laufen zu lassen. Daran m√ºsste dringend was ge√§ndert werden.
Zum gr√∂√üten Teil bew√§ltigen Sie ihren Schulweg per Fahrrad oder Bus und nutzen daf√ºr den Fu√üweg vom Busbahnhof Richtung Gymnasium.";
66;18.09.2024 13:17;18.09.2024 13:29;12.0;"JG 3-4;";zwei Wohnorte;3.3;Mei√üen;13.4704939;51.1630871;Ich fahre nicht mit dem Auto zur Schule;Sehr zufrieden;Zufrieden;Zufrieden;Zufrieden;Sehr zufrieden;;;;;;"M√∂glichkeit, mehrere eigene Kinder zu fahren;Fehlende oder schlechte Verbindung mit Bus/ Bahn;Fehlende oder unsichere Radwege;Tagesablauf;";3;"Fahrrad;√ñffentliche Verkehrsmittel (Bus, Bahn, Stra√üenbahn);";Das Mei√üner Radwegnetz ist eine Katastrophe! Vor allem f√ºr Kinder.... auch allgemein betrachtet, ist die Verkehrsf√ºhrung in Mei√üen schlecht organisiert, finden wir. Hoffentlich gibt es dahingehend irgendwann eine Ver√§nderung!;
67;18.09.2024 14:30;18.09.2024 14:32;2;"Klasse 7-10;JG 1-2;";Ich habe einen Wohnort;0.8;Mei√üen;13.4704939;51.1630871;Ich fahre nicht mit dem Auto zur Schule;;;;;;Zufrieden;Zufrieden;Sehr zufrieden;Zufrieden;Zufrieden;;2;;;
68;18.09.2024 14:52;18.09.2024 14:56;4;"Klasse 7-10;";Ich habe einen Wohnort;12.0;Kr√∂gis (K√§bsch√ºtztal);13.3797954;51.1204736;Ja;Sehr zufrieden;Sehr zufrieden;Zufrieden;Zufrieden;Zufrieden;Zufrieden;Unzufrieden;Zufrieden;Zufrieden;Sehr zufrieden;"Zeit/ Zeitersparnis;Tagesablauf;M√∂glichkeit, mehrere eigene Kinder zu fahren;M√∂glichkeit, Fahrgemeinschaften zu bilden;Fehlende oder schlechte Verbindung mit Bus/ Bahn;Verbindung mit dem Arbeitsweg der Eltern;";4;"Fahrrad;√ñffentliche Verkehrsmittel (Bus, Bahn, Stra√üenbahn);Ich bilde eine Fahrgemeinschaft mit anderen;";;Jana Schwenzien
69;18.09.2024 17:56;18.09.2024 17:58;2;"JG 3-4;";Ich habe einen Wohnort;47.0;Dresden;13.7381437;51.0493286;Ja;;;;;;;;;;;"Fehlende oder schlechte Verbindung mit Bus/ Bahn;Zeit/ Zeitersparnis;Tagesablauf;Verbindung mit dem Arbeitsweg der Eltern;";3;"Ich bilde eine Fahrgemeinschaft mit anderen;";;
70;18.09.2024 19:33;18.09.2024 19:36;3;"JG 1-2;";Ich habe einen Wohnort;4.0;Mei√üen¬†;13.4704939;51.1630871;Nein;Zufrieden;Zufrieden;Zufrieden;Zufrieden;Unzufrieden;Unzufrieden;Unzufrieden;Zufrieden;Zufrieden;Unzufrieden;"Zeit/ Zeitersparnis;";3;"√ñffentliche Verkehrsmittel (Bus, Bahn, Stra√üenbahn);";;
71;18.09.2024 12:52;18.09.2024 20:20;448.0;"JG 3-4;";Ich habe einen Wohnort;2.0;Mei√üen;13.4704939;51.1630871;Nein;Sehr zufrieden;Zufrieden;Sehr zufrieden;Sehr zufrieden;Zufrieden;Unzufrieden;Zufrieden;Sehr zufrieden;Sehr zufrieden;Zufrieden;"Tagesablauf;";3;"Fahrrad;√ñffentliche Verkehrsmittel (Bus, Bahn, Stra√üenbahn);Zu Fu√ü;";Lediglich am Montag Nachmittag nutzen wir das Auto zum Abholen aus der Schule (aus Tagesablaufgr√ºnden). Montag Morgen sowie dienstags bis freitags nutzen wir entweder den √ñPNV, das Rad oder bew√§ltigen den Schul-/Heimweg zu Fu√ü (meistens morgens per √ñPNV, nachmittags zu Fu√ü).;
72;18.09.2024 21:53;18.09.2024 21:58;5;"JG 1-2;";Ich habe einen Wohnort;1.7;Mei√üen;13.4704939;51.1630871;Ich fahre nicht mit dem Auto zur Schule;;;;;;Zufrieden;Unzufrieden;Zufrieden;Zufrieden;Zufrieden;"Tagesablauf;";3;"Fahrrad;";"Ich fahre mein Kind t√§glich mit dem Lastenrad, wir sind aber Jahrgang 1, somit fehlt uns die Wintererfahrung. Da w√ºrde ich dann im Falle von viel Schnee wahrscheinlich laufen oder Schlitten fahren.
Auto nur im √§u√üersten Notfall.";
73;18.09.2024 22:02;18.09.2024 22:04;2;"JG 3-4;JG 5-6;";Ich habe einen Wohnort;3.0;Mei√üen;13.4704939;51.1630871;Ja;;;;;;;;;;;"Zeit/ Zeitersparnis;Verbindung mit dem Arbeitsweg der Eltern;M√∂glichkeit, mehrere eigene Kinder zu fahren;Bequemlichkeit;";2;"Fahrrad;√ñffentliche Verkehrsmittel (Bus, Bahn, Stra√üenbahn);Zu Fu√ü;";;
74;19.09.2024 08:50;19.09.2024 08:54;4;"JG 3-4;Klasse 7-10;";Ich habe einen Wohnort;8.0;Pr√∂da/K√§bsch√ºtztal;13.3879841;51.1763397;Nein;Unzufrieden;Zufrieden;Sehr zufrieden;Zufrieden;Unzufrieden;Zufrieden;Zufrieden;Unzufrieden;Zufrieden;Zufrieden;"Fehlende oder schlechte Verbindung mit Bus/ Bahn;Zeit/ Zeitersparnis;Tagesablauf;Verbindung mit dem Arbeitsweg der Eltern;M√∂glichkeit, mehrere eigene Kinder zu fahren;";3;"√ñffentliche Verkehrsmittel (Bus, Bahn, Stra√üenbahn);";Das Verhalten der Busfahrer Grenzt an Kindeswohlgef√§hrdung. VGM reagiert nicht auf Beschwerden!;Wilhelm Hahn
75;19.09.2024 09:09;19.09.2024 09:17;8.0;"JG 1-2;";Ich habe einen Wohnort;11.0;Weinb√∂hla;13.5643531;51.1618943;Ja;;;;;;;;;;;"Zeit/ Zeitersparnis;Tagesablauf;Verbindung mit dem Arbeitsweg der Eltern;M√∂glichkeit, Fahrgemeinschaften zu bilden;M√∂glichkeit, mehrere eigene Kinder zu fahren;";3;"√ñffentliche Verkehrsmittel (Bus, Bahn, Stra√üenbahn);";;J√ºpner Tilo
76;19.09.2024 09:25;19.09.2024 09:28;3;"JG 3-4;JG 5-6;";Ich habe einen Wohnort;7.4;Kleinzadel;13.4104585;51.2077304;Nein;Zufrieden;Zufrieden;Unzufrieden;Zufrieden;Zufrieden;Zufrieden;Zufrieden;Sehr unzufrieden;Unzufrieden;Zufrieden;"Zeit/ Zeitersparnis;Tagesablauf;Verbindung mit dem Arbeitsweg der Eltern;M√∂glichkeit, mehrere eigene Kinder zu fahren;";2;"Fahrrad;√ñffentliche Verkehrsmittel (Bus, Bahn, Stra√üenbahn);";;Hans-Christoph v. Zahn
77;19.09.2024 11:27;19.09.2024 11:30;3;"JG 3-4;";Ich habe einen Wohnort;1.5;Mei√üen;13.4704939;51.1630871;Nein;;;;;;Zufrieden;Unzufrieden;Zufrieden;Zufrieden;Zufrieden;;3;"Zu Fu√ü;";;
78;19.09.2024 11:21;19.09.2024 11:31;10.0;"JG 3-4;";Ich habe einen Wohnort;2.0;Mei√üen¬†;13.4704939;51.1630871;Nein;Unzufrieden;Unzufrieden;Unzufrieden;Unzufrieden;Zufrieden;Unzufrieden;Unzufrieden;Zufrieden;Zufrieden;Zufrieden;"Zeit/ Zeitersparnis;Tagesablauf;";3;"Fahrrad;√ñffentliche Verkehrsmittel (Bus, Bahn, Stra√üenbahn);Zu Fu√ü;Ich bilde eine Fahrgemeinschaft mit anderen;";;
79;19.09.2024 23:14;19.09.2024 23:24;10.0;"JG 1-2;JG 3-4;";Ich habe einen Wohnort;26.0;Dresden¬†;13.7381437;51.0493286;Ich fahre nicht mit dem Auto zur Schule;Sehr zufrieden;Zufrieden;Unzufrieden;Zufrieden;Sehr zufrieden;;;;;;"Fehlende oder schlechte Verbindung mit Bus/ Bahn;";3;"Fahrrad;Zu Fu√ü;Ich bilde eine Fahrgemeinschaft mit anderen;";"Auf dem Weg zur Schule - ein wunderbarer Film √ºber Schulwege in anderen L√§ndern der Erde: 
Ich k√∂nnte mir vorstellen als Challenge zum n√§chsten Klimaschultag mit dem Rad oder zu Fu√ü zur Schule zu kommen.";Teresa Ei√ümann¬†
80;20.09.2024 09:40;20.09.2024 09:49;9.0;"JG 5-6;Klasse 7-10;";Ich habe einen Wohnort;1.5;Mei√üen;13.4704939;51.1630871;Nein;;;;;;;;;;;"Verbindung mit dem Arbeitsweg der Eltern;Zeit/ Zeitersparnis;";2;"Zu Fu√ü;Fahrrad;";;
81;20.09.2024 10:06;20.09.2024 10:10;4;"JG 3-4;Klasse 7-10;";Ich habe einen Wohnort;2.5;Mei√üen;13.4704939;51.1630871;Ja;Sehr zufrieden;Zufrieden;Zufrieden;Zufrieden;Zufrieden;Zufrieden;Unzufrieden;Sehr zufrieden;Zufrieden;Zufrieden;"Bequemlichkeit;Tagesablauf;";3;"Fahrrad;";;
82;20.09.2024 14:13;20.09.2024 14:19;6.0;"JG 3-4;";Ich habe einen Wohnort;12.0;Klipphausen;13.5293546;51.0749571;Ich fahre nicht mit dem Auto zur Schule;Zufrieden;Unzufrieden;Zufrieden;Zufrieden;Zufrieden;;;;;;"Verbindung mit dem Arbeitsweg der Eltern;";3;"√ñffentliche Verkehrsmittel (Bus, Bahn, Stra√üenbahn);";;
83;20.09.2024 08:39;22.09.2024 12:36;3117.0;"JG 1-2;";Ich habe einen Wohnort;2.4;Mei√üen Spaar;13.49921;51.1492912;Ich fahre nicht mit dem Auto zur Schule;Sehr zufrieden;Zufrieden;Zufrieden;Sehr zufrieden;Zufrieden;Unzufrieden;Unzufrieden;Sehr zufrieden;Sehr zufrieden;Unzufrieden;"Fehlende oder schlechte Verbindung mit Bus/ Bahn;";4;;Auto wird nur in Verbindung mit meinem Rollstuhl Ehemann benutzt. Sonst nutzen wir nur Bus, Fahrrad bzw Lastenfahrrad;Sandra Czurlok
84;22.09.2024 21:55;22.09.2024 22:01;6.0;"JG 1-2;";Ich habe einen Wohnort;9.0;Riemsdorf¬†;13.4822615;51.114362;Nein;;;;;;;;;;;"Verf√ºgbarkeit von Alternativen;Zeit/ Zeitersparnis;Tagesablauf;";4;"√ñffentliche Verkehrsmittel (Bus, Bahn, Stra√üenbahn);Ich bilde eine Fahrgemeinschaft mit anderen;";Kind ist grade eingeschult und traut sich noch nicht allein Busfahren - sch√∂n w√§re wenn mehrere Kinder zusammen fahren w√ºrden (egal ob √ñPNV oder Elterntaxi);Cornelia und Hendrik¬†
85;22.09.2024 22:07;22.09.2024 22:11;4;"JG 1-2;";Ich habe einen Wohnort;1.6;Mei√üen¬†;13.4704939;51.1630871;Nein;Unzufrieden;Unzufrieden;Sehr zufrieden;Sehr zufrieden;Zufrieden;;;;;;"Fehlende oder schlechte Verbindung mit Bus/ Bahn;Verbindung mit dem Arbeitsweg der Eltern;M√∂glichkeit, mehrere eigene Kinder zu fahren;";3;"√ñffentliche Verkehrsmittel (Bus, Bahn, Stra√üenbahn);";;
86;23.09.2024 06:49;23.09.2024 06:55;6.0;"JG 3-4;JG 5-6;";Ich habe einen Wohnort;11.0;Coswig;13.5783983;51.1267305;Ich fahre nicht mit dem Auto zur Schule;Zufrieden;Zufrieden;Zufrieden;Unzufrieden;Zufrieden;;;;;;;3;;;
87;23.09.2024 09:58;23.09.2024 10:25;27.0;"JG 1-2;";Ich habe einen Wohnort;20.0;Badersen;13.2662487;51.148541;Ja;Zufrieden;Zufrieden;Unzufrieden;Zufrieden;Zufrieden;;;;;;"Fehlende oder schlechte Verbindung mit Bus/ Bahn;Verf√ºgbarkeit von Alternativen;Zeit/ Zeitersparnis;Tagesablauf;Verbindung mit dem Arbeitsweg der Eltern;M√∂glichkeit, mehrere eigene Kinder zu fahren;M√∂glichkeit, Fahrgemeinschaften zu bilden;Bequemlichkeit;";3;"Ich bilde eine Fahrgemeinschaft mit anderen;√ñffentliche Verkehrsmittel (Bus, Bahn, Stra√üenbahn);";;Philipp
88;23.09.2024 19:35;23.09.2024 19:37;2;"JG 5-6;Klasse 7-10;";Ich habe einen Wohnort;35.0;Dresden;13.7381437;51.0493286;Ja;Zufrieden;Unzufrieden;Zufrieden;Unzufrieden;Zufrieden;;;;;;"Fehlende oder schlechte Verbindung mit Bus/ Bahn;Zeit/ Zeitersparnis;Tagesablauf;Verbindung mit dem Arbeitsweg der Eltern;M√∂glichkeit, mehrere eigene Kinder zu fahren;Bequemlichkeit;";3;"√ñffentliche Verkehrsmittel (Bus, Bahn, Stra√üenbahn);";Unzuverl√§ssigkeit der S-Bahn bzw. SEV;
89;23.09.2024 21:40;23.09.2024 21:50;10.0;"JG 1-2;Klasse 7-10;";Ich habe einen Wohnort;1.2;Mei√üen;13.4704939;51.1630871;Ja;;;;;;Zufrieden;Zufrieden;Sehr zufrieden;Sehr zufrieden;Sehr zufrieden;"Zeit/ Zeitersparnis;Tagesablauf;Verbindung mit dem Arbeitsweg der Eltern;M√∂glichkeit, Fahrgemeinschaften zu bilden;M√∂glichkeit, mehrere eigene Kinder zu fahren;Bequemlichkeit;";3;"Zu Fu√ü;";Die Kinder laufen in der Regel zur Schule. Bei Schlechtwetter werden sie gemeinsam mit Nachbarsschulkinder in einer Fahrgemeinschaft gefahren. Der R√ºckweg ist teilweise zu Fu√ü, mit dem Bus oder auch mit dem Auto in Verbindung mit dem Arbeitsweg.;
90;24.09.2024 19:22;24.09.2024 19:24;2;"JG 1-2;JG 3-4;";Ich habe einen Wohnort;3.0;Mei√üen¬†;13.4704939;51.1630871;Nein;Zufrieden;Zufrieden;Sehr zufrieden;Sehr zufrieden;Zufrieden;Zufrieden;Unzufrieden;Sehr zufrieden;Zufrieden;Zufrieden;"Zeit/ Zeitersparnis;";4;"Fahrrad;";;Dorothee Ronatschk¬†
91;25.09.2024 20:47;25.09.2024 20:57;10.0;"JG 1-2;";Ich habe einen Wohnort;0.4;Mei√üen¬†;13.4704939;51.1630871;Ich fahre nicht mit dem Auto zur Schule;;;;;;Unzufrieden;Unzufrieden;Sehr zufrieden;Zufrieden;Zufrieden;;3;"Zu Fu√ü;";Unser Weg ist zwar nicht weit, aber leider entstehen Gefahren durch unbedachtes Halten¬† anderen Eltern auf den Fu√üwegen vor der Schule. Dadurch sind wir gezwungen oft direkt auf der Stra√üe laufen zu m√ºssen. Dies l√§sst uns beim Gedanken, unsere Kinder allein laufen zu lassen, zweifeln, ob deren Schulweg sicher genug ist.¬†;Andreas Bielig/ Sarah Glaser mit Karl & Frieda
92;26.09.2024 17:15;26.09.2024 17:17;2;"JG 3-4;JG 5-6;";Ich habe einen Wohnort;3.0;Mei√üen¬†;13.4704939;51.1630871;Ich fahre nicht mit dem Auto zur Schule;Sehr zufrieden;Sehr zufrieden;Sehr zufrieden;Sehr zufrieden;Sehr zufrieden;Zufrieden;Zufrieden;Zufrieden;Zufrieden;Zufrieden;;4;;;
93;26.09.2024 17:15;26.09.2024 17:17;2;"JG 3-4;JG 5-6;";Ich habe einen Wohnort;3.0;Mei√üen¬†;13.4704939;51.1630871;Ich fahre nicht mit dem Auto zur Schule;Sehr zufrieden;Sehr zufrieden;Sehr zufrieden;Sehr zufrieden;Sehr zufrieden;Zufrieden;Zufrieden;Zufrieden;Zufrieden;Zufrieden;;4;;;
94;28.09.2024 07:26;28.09.2024 07:28;2;"JG 1-2;";Ich habe einen Wohnort;11.0;Coswig¬†;13.5783983;51.1267305;Nein;;;;;;;;;;;"Zeit/ Zeitersparnis;Tagesablauf;";2;"√ñffentliche Verkehrsmittel (Bus, Bahn, Stra√üenbahn);Ich bilde eine Fahrgemeinschaft mit anderen;";;
95;30.09.2024 21:54;30.09.2024 21:59;5;"JG 3-4;JG 5-6;";Ich habe einen Wohnort;11.0;Taubenheim (Klipphausen);13.4619324;51.0948532;Nein;Zufrieden;Zufrieden;Zufrieden;Unzufrieden;Zufrieden;;;;;;"Fehlende oder schlechte Verbindung mit Bus/ Bahn;Verf√ºgbarkeit von Alternativen;Zeit/ Zeitersparnis;M√∂glichkeit, mehrere eigene Kinder zu fahren;";3;"√ñffentliche Verkehrsmittel (Bus, Bahn, Stra√üenbahn);";;Thomas Feldt
96;01.10.2024 09:03;01.10.2024 09:05;2;"Klasse 7-10;";Ich habe einen Wohnort;15.0;Jessen (Niederau);13.5298881;51.2080128;Nein;Zufrieden;Zufrieden;Zufrieden;Zufrieden;Zufrieden;;;;;;;1 (unwichtig) ;"Ich kann mir keinen Umstieg vorstellen.;";;
97;01.10.2024 09:12;01.10.2024 09:17;5;"JG 1-2;";Ich habe einen Wohnort;0.9;Mei√üen;13.4704939;51.1630871;Ich fahre nicht mit dem Auto zur Schule;;;;;;Zufrieden;Zufrieden;Zufrieden;Zufrieden;;;3;;;Niklas SG 1
98;01.10.2024 11:35;01.10.2024 11:37;2;"Klasse 7-10;";zwei Wohnorte;1.8;Mei√üen;13.4704939;51.1630871;Ich fahre nicht mit dem Auto zur Schule;;;;;;Sehr zufrieden;Sehr zufrieden;Zufrieden;Zufrieden;Zufrieden;;4;"Zu Fu√ü;";;
99;01.10.2024 11:35;01.10.2024 11:38;3;"Klasse 7-10;";Ich habe einen Wohnort;2.6;Mei√üen;13.4704939;51.1630871;Nein;Sehr zufrieden;Sehr zufrieden;Sehr zufrieden;Sehr zufrieden;Sehr unzufrieden;;;;;;"Verbindung mit dem Arbeitsweg der Eltern;";3;"√ñffentliche Verkehrsmittel (Bus, Bahn, Stra√üenbahn);";Nix;Moritz Goerke
100;01.10.2024 11:36;01.10.2024 11:38;2;"Klasse 7-10;";Ich habe einen Wohnort;4.0;Mei√üen;13.4704939;51.1630871;Nein;Sehr zufrieden;Sehr zufrieden;Sehr zufrieden;Zufrieden;Zufrieden;Sehr zufrieden;Sehr zufrieden;Zufrieden;Zufrieden;Zufrieden;"Tagesablauf;Verbindung mit dem Arbeitsweg der Eltern;";4;"Fahrrad;√ñffentliche Verkehrsmittel (Bus, Bahn, Stra√üenbahn);";;
101;01.10.2024 11:36;01.10.2024 11:39;3;"Klasse 7-10;";Ich habe einen Wohnort;9.1;Coswig¬†;13.5783983;51.1267305;Nein;Zufrieden;Sehr zufrieden;Sehr zufrieden;Zufrieden;Zufrieden;;;;;;;3;;;Lilly Charlotte Baumann¬†
102;01.10.2024 11:40;01.10.2024 11:45;5;"Klasse 7-10;";Ich habe einen Wohnort;12.0;Gro√üdobritz;13.5683602;51.2163401;Ja;Zufrieden;Zufrieden;Unzufrieden;Unzufrieden;Zufrieden;Zufrieden;Zufrieden;Unzufrieden;Zufrieden;Zufrieden;"Fehlende oder schlechte Verbindung mit Bus/ Bahn;Zeit/ Zeitersparnis;Verbindung mit dem Arbeitsweg der Eltern;M√∂glichkeit, mehrere eigene Kinder zu fahren;M√∂glichkeit, Fahrgemeinschaften zu bilden;";3;"√ñffentliche Verkehrsmittel (Bus, Bahn, Stra√üenbahn);Ich bilde eine Fahrgemeinschaft mit anderen;";;
103;01.10.2024 11:52;01.10.2024 12:06;14.0;JG 1-2;Ich habe einen Wohnort;15.0;Coswig;13.5783983;51.1267305;Ich fahre nicht mit dem Auto zur Schule;Zufrieden;Sehr unzufrieden;Zufrieden;Zufrieden;Unzufrieden;Zufrieden;Zufrieden;Zufrieden;Zufrieden;;;4;;"Ein gro√ües Problem ist die Parksituation vor der Schule. In den Hol-und Bringzeiten stehen immer Autos auf dem (nur durch Markierung) abgetrennten Fu√üweg und im Halteverbot. Oft stehen die Autos sogar so auf dem Fu√üweg, dass man auf die Stra√üe ausweichen muss. Unsere Tochter in der 1. Klasse soll mit uns √ºben, Schritt f√ºr Schritt den Weg von der S-Bahn bis zur Schule und zur√ºck allein zu bew√§ltigen.
Sie kann weder √ºber die parkenden Autos (auch oft Kleinbusse!) dr√ºberschauen, noch sicher an ihnen vorbeilaufen.
Gemeint ist der Fu√üweg direkt gegen√ºber der Schule.
KLimaschule? Wer klimafreundlich kommt und einen l√§ngeren Weg in Kauf nimmt, lebt (zumindest als Grundsch√ºler) gef√§hrlich.
Wenn ich Eltern, die wie oben beschrieben parken, anspreche, stimmen sie mir zwar zu, verweisen jedoch auf die schlechte Parksituation, dass sie jetzt aber schnell zur Arbeit m√ºssen usw.
Am n√§chsten Tag ist der Fu√üweg wieder zugeparkt.
Mein Eindruck ist:
STVO? egal-Hauptsache ich und meine Kinder kommen sicher zur Schule
Es muss schnell gehen, einen Parkplatz mit Entfernung zur Schule nehmen wird nicht in Erw√§gung gezogen
Ich kann nicht verstehen, warum viele Eltern das so trennen. Immer freundlicher Umgang und alle duzen sich usw., aber hier herrscht der pure Egoismus!

Wir haben kein Auto und fahren Bus und Bahn, laufen von der Haltestelle und zur√ºck und nehmen daf√ºr auch in Kauf, mehr Zeit zu ben√∂tigen.

Ich habe bereits einen Fragebogen ausgef√ºllt bei der Umfrage der Oberschule und mich dort √§hnlich ge√§u√üert.";Eva-Maria Nicolaus
104;01.10.2024 21:16;01.10.2024 21:18;2;Klasse 7-10;Ich habe einen Wohnort;2.0;Mei√üen;13.4704939;51.1630871;Ich fahre nicht mit dem Auto zur Schule;Sehr zufrieden;Sehr zufrieden;Sehr zufrieden;Sehr zufrieden;Zufrieden;Sehr zufrieden;Sehr zufrieden;Sehr zufrieden;Sehr zufrieden;Sehr zufrieden;;4;;;
105;04.10.2024 12:36;04.10.2024 12:39;3;JG 1-2;Ich habe einen Wohnort;12.0;Radebeul;13.6767995;51.0999765;Nein;;;;;;;;;;;"Zeit/ Zeitersparnis;Tagesablauf;Verbindung mit dem Arbeitsweg der Eltern;Fehlende oder unsichere Radwege";3;"√ñffentliche Verkehrsmittel (Bus, Bahn, Stra√üenbahn);Ich bilde eine Fahrgemeinschaft mit anderen";Wenn meine Tochter √§lter ist wird und soll sie mit der Bahn fahren. Aktuell ist sie ganz am Anfang aber daf√ºr noch etwas zu jung und zuviel los zu Beginn in der 1. Klasse.¬†;
106;21.10.2024 09:28;21.10.2024 09:34;6.0;"JG 3-4;JG 5-6";Ich habe einen Wohnort;12.0;Klipphausen;13.5293546;51.0749571;Ja;Zufrieden;Unzufrieden;Zufrieden;Zufrieden;Zufrieden;;;;;;"Zeit/ Zeitersparnis;Tagesablauf;Verbindung mit dem Arbeitsweg der Eltern";4;"√ñffentliche Verkehrsmittel (Bus, Bahn, Stra√üenbahn);Fahrrad";;
107;28.10.2024 22:07;28.10.2024 22:11;4;"JG 1-2;JG 3-4";Ich habe einen Wohnort;12.0;Kr√∂gis¬†;13.3797954;51.1204736;Ja;Sehr zufrieden;Zufrieden;Unzufrieden;Unzufrieden;Unzufrieden;Sehr unzufrieden;Sehr unzufrieden;Unzufrieden;Unzufrieden;Unzufrieden;"Fehlende oder schlechte Verbindung mit Bus/ Bahn;Fehlende oder unsichere Radwege;Verbindung mit dem Arbeitsweg der Eltern;M√∂glichkeit, mehrere eigene Kinder zu fahren;M√∂glichkeit, Fahrgemeinschaften zu bilden";3;"Fahrrad;√ñffentliche Verkehrsmittel (Bus, Bahn, Stra√üenbahn);Ich bilde eine Fahrgemeinschaft mit anderen";;
108;28.10.2024 22:13;28.10.2024 22:16;3;JG 3-4;Ich habe einen Wohnort;3.0;Mei√üen;13.4704939;51.1630871;Nein;Zufrieden;Unzufrieden;Zufrieden;Zufrieden;Zufrieden;Zufrieden;Zufrieden;Zufrieden;Sehr zufrieden;Sehr zufrieden;"Verf√ºgbarkeit von Alternativen;Tagesablauf;Verbindung mit dem Arbeitsweg der Eltern";3;√ñffentliche Verkehrsmittel (Bus, Bahn, Stra√üenbahn);Die Taktung und die mangelhafte Zuverl√§ssigkeit der S-Bahn nach Dresden ist der entscheidende Grund daf√ºr, weshalb ich das Auto nutze.;
109;29.10.2024 05:33;29.10.2024 05:39;6.0;JG 3-4;Ich habe einen Wohnort;1.5;Mei√üen¬†;13.4704939;51.1630871;Ich fahre nicht mit dem Auto zur Schule;;;;;;Zufrieden;Zufrieden;Zufrieden;Zufrieden;Zufrieden;;2;;;
110;29.10.2024 05:40;29.10.2024 05:41;1;Klasse 7-10;Ich habe einen Wohnort;1.5;Mei√üen¬†;13.4704939;51.1630871;Ich fahre nicht mit dem Auto zur Schule;;;;;;Zufrieden;Zufrieden;Zufrieden;Zufrieden;Zufrieden;;2;;;
111;29.10.2024 19:52;29.10.2024 19:56;4;JG 1-2;Ich habe einen Wohnort;18.0;Gro√üenhain;13.5317153;51.2911845;Ja;;;;;;;;;;;"Fehlende oder schlechte Verbindung mit Bus/ Bahn;Tagesablauf;Zeit/ Zeitersparnis;Verbindung mit dem Arbeitsweg der Eltern;M√∂glichkeit, mehrere eigene Kinder zu fahren;Finanzielle Aspekte";4;√ñffentliche Verkehrsmittel (Bus, Bahn, Stra√üenbahn);;
112;30.10.2024 23:34;30.10.2024 23:37;3;"JG 3-4;JG 5-6";Ich habe einen Wohnort;12.0;Coswig;13.5783983;51.1267305;Ich fahre nicht mit dem Auto zur Schule;Zufrieden;Zufrieden;Unzufrieden;Zufrieden;Zufrieden;;;;;;;3;√ñffentliche Verkehrsmittel (Bus, Bahn, Stra√üenbahn);;
113;03.11.2024 16:51;03.11.2024 16:56;5;JG 3-4;Ich habe einen Wohnort;16.0;Gro√üenhain¬†;13.5317153;51.2911845;Nein;Zufrieden;Zufrieden;Zufrieden;Zufrieden;Zufrieden;;;;;;;2;;;Philipp & Anja B√∂hme¬†
114;05.11.2024 12:04;05.11.2024 12:06;2;JG 1-2;Ich habe einen Wohnort;2.2;Mei√üen;13.4704939;51.1630871;Ich fahre nicht mit dem Auto zur Schule;Zufrieden;Zufrieden;Zufrieden;Zufrieden;Zufrieden;;;;;;;3;;;
115;05.11.2024 20:32;05.11.2024 20:34;2;JG 3-4;Ich habe einen Wohnort;4.0;Niederjahna;13.4347574;51.1658398;Ich fahre nicht mit dem Auto zur Schule;Zufrieden;Zufrieden;Sehr zufrieden;Zufrieden;Zufrieden;;;;;;;3;;;Miriam
116;20.11.2024 11:02;20.11.2024 11:54;52.0;JG 3-4;Ich habe einen Wohnort;11.0;Taubenheim (Klipphausen);13.4619324;51.0948532;Nein;Zufrieden;Sehr unzufrieden;Unzufrieden;Zufrieden;Zufrieden;;;;;;"Fehlende oder schlechte Verbindung mit Bus/ Bahn;Fehlende oder unsichere Radwege;M√∂glichkeit, mehrere eigene Kinder zu fahren;Tagesablauf";4;"Fahrrad;√ñffentliche Verkehrsmittel (Bus, Bahn, Stra√üenbahn)";"Der Fahrplan mit den √ñPNV ist ung√ºnstig, um komplett auf den Bus umzusteigen. Vor allem am Morgen f√§hrt der Bus f√ºr uns zu zeitig. Wenn Sachsens Schulen sp√§ter beginnen w√ºrden (ich habe von entsprechenden Pl√§ne dieses Jahr in der SZ gelesen) w√§re eine Anpassung des Fahrplans w√ºnschenswert. Aktuell sind die Kinder 7:10 Uhr in Mei√üen am Busbahnhof.

Au√üerdem fehlt ein Radweg entlang der S177 zwischen Mei√üen und Wilsdruff. Der B√ºrgermeister Olaf Raschke hat wiederholt im Wahlkampf zur B√ºrgermeisterwahl das Versprechen gegeben, solch einen Radweg zu bauen. 

In der Ortslage Taubenheim fehlt ein Fu√üweg um unteren Teil des Dorfes. M√ºssen die Kinder am Ortseingang Taubenheim aussteigen, weil einige Busse¬† von dort aus in Richtung Wilsdruff abbiegen, ist es vor allem in der dunklen Jahreszeit f√ºr die Kinder (und auch f√ºr alle anderen) viel zu gef√§hrlich auf der schmalen und stark von LKWs befahrenen Hauptstra√üe zu laufen.¬†";Thomas Feldt¬†
117;20.11.2024 23:11;20.11.2024 23:21;10.0;"JG 1-2;Klasse 7-10";Ich habe einen Wohnort;1.0;Mei√üen;13.4704939;51.1630871;Nein;;;;;;Zufrieden;Unzufrieden;Sehr zufrieden;Zufrieden;Zufrieden;"Fehlende oder schlechte Verbindung mit Bus/ Bahn;Fehlende oder unsichere Radwege;Tagesablauf;Verbindung mit dem Arbeitsweg der Eltern;M√∂glichkeit, mehrere eigene Kinder zu fahren;Finanzielle Aspekte";3;"Zu Fu√ü;Fahrrad";"Wir nutzen eine Mischform zwischen Auto und zu Fu√ü gehen.
Der Schulweg zwischen Altstadtbr√ºcke und Schule ist morgens h√§ufig sehr unsicher durch z.B.: 
- zu schnell fahrende Autos, 
- M√ºllautos, 
- Ausladesituationen von Firmen, die die Stra√üe blockieren und andere PKW dazu veranlassen √ºber den B√ºrgersteig zu fahren, 
- Parken von Fahrzeugen in 2. Reihe, um die Kinder 'abzuwerfen',
- fehlender Radweg,
- einziger Zufahrsweg zu den Schulen auf dem Crassoberg.";
118;21.11.2024 20:44;21.11.2024 20:52;8.0;JG 1-2;Ich habe einen Wohnort;9.5;Gauernitz;13.5558206;51.1139914;Ich fahre nicht mit dem Auto zur Schule;Zufrieden;Unzufrieden;Zufrieden;Zufrieden;Zufrieden;;;;;;;3;;;
